Date,Year,Quarter,Month,MonthName,Day,Weekday
2026-01-01,2026,Q1,1,January,1,Thursday
2026-01-02,2026,Q1,1,January,2,Friday
2026-01-03,2026,Q1,1,January,3,Saturday
2026-01-04,2026,Q1,1,January,4,Sunday
2026-01-05,2026,Q1,1,January,5,Monday
2026-01-06,2026,Q1,1,January,6,Tuesday
2026-01-07,2026,Q1,1,January,7,Wednesday
2026-01-08,2026,Q1,1,January,8,Thursday
2026-01-09,2026,Q1,1,January,9,Friday
2026-01-10,2026,Q1,1,January,10,Saturday
2026-01-11,2026,Q1,1,January,11,Sunday
2026-01-12,2026,Q1,1,January,12,Monday
2026-01-13,2026,Q1,1,January,13,Tuesday
2026-01-14,2026,Q1,1,January,14,Wednesday
2026-01-15,2026,Q1,1,January,15,Thursday
2026-01-16,2026,Q1,1,January,16,Friday
2026-01-17,2026,Q1,1,January,17,Saturday
2026-01-18,2026,Q1,1,January,18,Sunday
2026-01-19,2026,Q1,1,January,19,Monday
2026-01-20,2026,Q1,1,January,20,Tuesday
2026-01-21,2026,Q1,1,January,21,Wednesday
2026-01-22,2026,Q1,1,January,22,Thursday
2026-01-23,2026,Q1,1,January,23,Friday
2026-01-24,2026,Q1,1,January,24,Saturday
2026-01-25,2026,Q1,1,January,25,Sunday
2026-01-26,2026,Q1,1,January,26,Monday
2026-01-27,2026,Q1,1,January,27,Tuesday
2026-01-28,2026,Q1,1,January,28,Wednesday
2026-01-29,2026,Q1,1,January,29,Thursday
2026-01-30,2026,Q1,1,January,30,Friday
2026-01-31,2026,Q1,1,January,31,Saturday
2026-02-01,2026,Q1,2,February,1,Sunday
2026-02-02,2026,Q1,2,February,2,Monday
2026-02-03,2026,Q1,2,February,3,Tuesday
2026-02-04,2026,Q1,2,February,4,Wednesday
2026-02-05,2026,Q1,2,February,5,Thursday
2026-02-06,2026,Q1,2,February,6,Friday
2026-02-07,2026,Q1,2,February,7,Saturday
2026-02-08,2026,Q1,2,February,8,Sunday
2026-02-09,2026,Q1,2,February,9,Monday
2026-02-10,2026,Q1,2,February,10,Tuesday
2026-02-11,2026,Q1,2,February,11,Wednesday
2026-02-12,2026,Q1,2,February,12,Thursday
2026-02-13,2026,Q1,2,February,13,Friday
2026-02-14,2026,Q1,2,February,14,Saturday
2026-02-15,2026,Q1,2,February,15,Sunday
2026-02-16,2026,Q1,2,February,16,Monday
2026-02-17,2026,Q1,2,February,17,Tuesday
2026-02-18,2026,Q1,2,February,18,Wednesday
2026-02-19,2026,Q1,2,February,19,Thursday
2026-02-20,2026,Q1,2,February,20,Friday
2026-02-21,2026,Q1,2,February,21,Saturday
2026-02-22,2026,Q1,2,February,22,Sunday
2026-02-23,2026,Q1,2,February,23,Monday
2026-02-24,2026,Q1,2,February,24,Tuesday
2026-02-25,2026,Q1,2,February,25,Wednesday
2026-02-26,2026,Q1,2,February,26,Thursday
2026-02-27,2026,Q1,2,February,27,Friday
2026-02-28,2026,Q1,2,February,28,Saturday
2026-03-01,2026,Q1,3,March,1,Sunday
2026-03-02,2026,Q1,3,March,2,Monday
2026-03-03,2026,Q1,3,March,3,Tuesday
2026-03-04,2026,Q1,3,March,4,Wednesday
2026-03-05,2026,Q1,3,March,5,Thursday
2026-03-06,2026,Q1,3,March,6,Friday
2026-03-07,2026,Q1,3,March,7,Saturday
2026-03-08,2026,Q1,3,March,8,Sunday
2026-03-09,2026,Q1,3,March,9,Monday
2026-03-10,2026,Q1,3,March,10,Tuesday
2026-03-11,2026,Q1,3,March,11,Wednesday
2026-03-12,2026,Q1,3,March,12,Thursday
2026-03-13,2026,Q1,3,March,13,Friday
2026-03-14,2026,Q1,3,March,14,Saturday
2026-03-15,2026,Q1,3,March,15,Sunday
2026-03-16,2026,Q1,3,March,16,Monday
2026-03-17,2026,Q1,3,March,17,Tuesday
2026-03-18,2026,Q1,3,March,18,Wednesday
2026-03-19,2026,Q1,3,March,19,Thursday
2026-03-20,2026,Q1,3,March,20,Friday
2026-03-21,2026,Q1,3,March,21,Saturday
2026-03-22,2026,Q1,3,March,22,Sunday
2026-03-23,2026,Q1,3,March,23,Monday
2026-03-24,2026,Q1,3,March,24,Tuesday
2026-03-25,2026,Q1,3,March,25,Wednesday
2026-03-26,2026,Q1,3,March,26,Thursday
2026-03-27,2026,Q1,3,March,27,Friday
2026-03-28,2026,Q1,3,March,28,Saturday
2026-03-29,2026,Q1,3,March,29,Sunday
2026-03-30,2026,Q1,3,March,30,Monday
2026-03-31,2026,Q1,3,March,31,Tuesday
2026-04-01,2026,Q2,4,April,1,Wednesday
2026-04-02,2026,Q2,4,April,2,Thursday
2026-04-03,2026,Q2,4,April,3,Friday
2026-04-04,2026,Q2,4,April,4,Saturday
2026-04-05,2026,Q2,4,April,5,Sunday
2026-04-06,2026,Q2,4,April,6,Monday
2026-04-07,2026,Q2,4,April,7,Tuesday
2026-04-08,2026,Q2,4,April,8,Wednesday
2026-04-09,2026,Q2,4,April,9,Thursday
2026-04-10,2026,Q2,4,April,10,Friday
2026-04-11,2026,Q2,4,April,11,Saturday
2026-04-12,2026,Q2,4,April,12,Sunday
2026-04-13,2026,Q2,4,April,13,Monday
2026-04-14,2026,Q2,4,April,14,Tuesday
2026-04-15,2026,Q2,4,April,15,Wednesday
2026-04-16,2026,Q2,4,April,16,Thursday
2026-04-17,2026,Q2,4,April,17,Friday
2026-04-18,2026,Q2,4,April,18,Saturday
2026-04-19,2026,Q2,4,April,19,Sunday
2026-04-20,2026,Q2,4,April,20,Monday
2026-04-21,2026,Q2,4,April,21,Tuesday
2026-04-22,2026,Q2,4,April,22,Wednesday
2026-04-23,2026,Q2,4,April,23,Thursday
2026-04-24,2026,Q2,4,April,24,Friday
2026-04-25,2026,Q2,4,April,25,Saturday
2026-04-26,2026,Q2,4,April,26,Sunday
2026-04-27,2026,Q2,4,April,27,Monday
2026-04-28,2026,Q2,4,April,28,Tuesday
2026-04-29,2026,Q2,4,April,29,Wednesday
2026-04-30,2026,Q2,4,April,30,Thursday
2026-05-01,2026,Q2,5,May,1,Friday
2026-05-02,2026,Q2,5,May,2,Saturday
2026-05-03,2026,Q2,5,May,3,Sunday
2026-05-04,2026,Q2,5,May,4,Monday
2026-05-05,2026,Q2,5,May,5,Tuesday
2026-05-06,2026,Q2,5,May,6,Wednesday
2026-05-07,2026,Q2,5,May,7,Thursday
2026-05-08,2026,Q2,5,May,8,Friday
2026-05-09,2026,Q2,5,May,9,Saturday
2026-05-10,2026,Q2,5,May,10,Sunday
2026-05-11,2026,Q2,5,May,11,Monday
2026-05-12,2026,Q2,5,May,12,Tuesday
2026-05-13,2026,Q2,5,May,13,Wednesday
2026-05-14,2026,Q2,5,May,14,Thursday
2026-05-15,2026,Q2,5,May,15,Friday
2026-05-16,2026,Q2,5,May,16,Saturday
2026-05-17,2026,Q2,5,May,17,Sunday
2026-05-18,2026,Q2,5,May,18,Monday
2026-05-19,2026,Q2,5,May,19,Tuesday
2026-05-20,2026,Q2,5,May,20,Wednesday
2026-05-21,2026,Q2,5,May,21,Thursday
2026-05-22,2026,Q2,5,May,22,Friday
2026-05-23,2026,Q2,5,May,23,Saturday
2026-05-24,2026,Q2,5,May,24,Sunday
2026-05-25,2026,Q2,5,May,25,Monday
2026-05-26,2026,Q2,5,May,26,Tuesday
2026-05-27,2026,Q2,5,May,27,Wednesday
2026-05-28,2026,Q2,5,May,28,Thursday
2026-05-29,2026,Q2,5,May,29,Friday
2026-05-30,2026,Q2,5,May,30,Saturday
2026-05-31,2026,Q2,5,May,31,Sunday
2026-06-01,2026,Q2,6,June,1,Monday
2026-06-02,2026,Q2,6,June,2,Tuesday
2026-06-03,2026,Q2,6,June,3,Wednesday
2026-06-04,2026,Q2,6,June,4,Thursday
2026-06-05,2026,Q2,6,June,5,Friday
2026-06-06,2026,Q2,6,June,6,Saturday
2026-06-07,2026,Q2,6,June,7,Sunday
2026-06-08,2026,Q2,6,June,8,Monday
2026-06-09,2026,Q2,6,June,9,Tuesday
2026-06-10,2026,Q2,6,June,10,Wednesday
2026-06-11,2026,Q2,6,June,11,Thursday
2026-06-12,2026,Q2,6,June,12,Friday
2026-06-13,2026,Q2,6,June,13,Saturday
2026-06-14,2026,Q2,6,June,14,Sunday
2026-06-15,2026,Q2,6,June,15,Monday
2026-06-16,2026,Q2,6,June,16,Tuesday
2026-06-17,2026,Q2,6,June,17,Wednesday
2026-06-18,2026,Q2,6,June,18,Thursday
2026-06-19,2026,Q2,6,June,19,Friday
2026-06-20,2026,Q2,6,June,20,Saturday
2026-06-21,2026,Q2,6,June,21,Sunday
2026-06-22,2026,Q2,6,June,22,Monday
2026-06-23,2026,Q2,6,June,23,Tuesday
2026-06-24,2026,Q2,6,June,24,Wednesday
2026-06-25,2026,Q2,6,June,25,Thursday
2026-06-26,2026,Q2,6,June,26,Friday
2026-06-27,2026,Q2,6,June,27,Saturday
2026-06-28,2026,Q2,6,June,28,Sunday
2026-06-29,2026,Q2,6,June,29,Monday
2026-06-30,2026,Q2,6,June,30,Tuesday
2026-07-01,2026,Q3,7,July,1,Wednesday
2026-07-02,2026,Q3,7,July,2,Thursday
2026-07-03,2026,Q3,7,July,3,Friday
2026-07-04,2026,Q3,7,July,4,Saturday
2026-07-05,2026,Q3,7,July,5,Sunday
2026-07-06,2026,Q3,7,July,6,Monday
2026-07-07,2026,Q3,7,July,7,Tuesday
2026-07-08,2026,Q3,7,July,8,Wednesday
2026-07-09,2026,Q3,7,July,9,Thursday
2026-07-10,2026,Q3,7,July,10,Friday
2026-07-11,2026,Q3,7,July,11,Saturday
2026-07-12,2026,Q3,7,July,12,Sunday
2026-07-13,2026,Q3,7,July,13,Monday
2026-07-14,2026,Q3,7,July,14,Tuesday
2026-07-15,2026,Q3,7,July,15,Wednesday
2026-07-16,2026,Q3,7,July,16,Thursday
2026-07-17,2026,Q3,7,July,17,Friday
2026-07-18,2026,Q3,7,July,18,Saturday
2026-07-19,2026,Q3,7,July,19,Sunday
2026-07-20,2026,Q3,7,July,20,Monday
2026-07-21,2026,Q3,7,July,21,Tuesday
2026-07-22,2026,Q3,7,July,22,Wednesday
2026-07-23,2026,Q3,7,July,23,Thursday
2026-07-24,2026,Q3,7,July,24,Friday
2026-07-25,2026,Q3,7,July,25,Saturday
2026-07-26,2026,Q3,7,July,26,Sunday
2026-07-27,2026,Q3,7,July,27,Monday
2026-07-28,2026,Q3,7,July,28,Tuesday
2026-07-29,2026,Q3,7,July,29,Wednesday
2026-07-30,2026,Q3,7,July,30,Thursday
2026-07-31,2026,Q3,7,July,31,Friday
2026-08-01,2026,Q3,8,August,1,Saturday
2026-08-02,2026,Q3,8,August,2,Sunday
2026-08-03,2026,Q3,8,August,3,Monday
2026-08-04,2026,Q3,8,August,4,Tuesday
2026-08-05,2026,Q3,8,August,5,Wednesday
2026-08-06,2026,Q3,8,August,6,Thursday
2026-08-07,2026,Q3,8,August,7,Friday
2026-08-08,2026,Q3,8,August,8,Saturday
2026-08-09,2026,Q3,8,August,9,Sunday
2026-08-10,2026,Q3,8,August,10,Monday
2026-08-11,2026,Q3,8,August,11,Tuesday
2026-08-12,2026,Q3,8,August,12,Wednesday
2026-08-13,2026,Q3,8,August,13,Thursday
2026-08-14,2026,Q3,8,August,14,Friday
2026-08-15,2026,Q3,8,August,15,Saturday
2026-08-16,2026,Q3,8,August,16,Sunday
2026-08-17,2026,Q3,8,August,17,Monday
2026-08-18,2026,Q3,8,August,18,Tuesday
2026-08-19,2026,Q3,8,August,19,Wednesday
2026-08-20,2026,Q3,8,August,20,Thursday
2026-08-21,2026,Q3,8,August,21,Friday
2026-08-22,2026,Q3,8,August,22,Saturday
2026-08-23,2026,Q3,8,August,23,Sunday
2026-08-24,2026,Q3,8,August,24,Monday
2026-08-25,2026,Q3,8,August,25,Tuesday
2026-08-26,2026,Q3,8,August,26,Wednesday
2026-08-27,2026,Q3,8,August,27,Thursday
2026-08-28,2026,Q3,8,August,28,Friday
2026-08-29,2026,Q3,8,August,29,Saturday
2026-08-30,2026,Q3,8,August,30,Sunday
2026-08-31,2026,Q3,8,August,31,Monday
2026-09-01,2026,Q3,9,September,1,Tuesday
2026-09-02,2026,Q3,9,September,2,Wednesday
2026-09-03,2026,Q3,9,September,3,Thursday
2026-09-04,2026,Q3,9,September,4,Friday
2026-09-05,2026,Q3,9,September,5,Saturday
2026-09-06,2026,Q3,9,September,6,Sunday
2026-09-07,2026,Q3,9,September,7,Monday
2026-09-08,2026,Q3,9,September,8,Tuesday
2026-09-09,2026,Q3,9,September,9,Wednesday
2026-09-10,2026,Q3,9,September,10,Thursday
2026-09-11,2026,Q3,9,September,11,Friday
2026-09-12,2026,Q3,9,September,12,Saturday
2026-09-13,2026,Q3,9,September,13,Sunday
2026-09-14,2026,Q3,9,September,14,Monday
2026-09-15,2026,Q3,9,September,15,Tuesday
2026-09-16,2026,Q3,9,September,16,Wednesday
2026-09-17,2026,Q3,9,September,17,Thursday
2026-09-18,2026,Q3,9,September,18,Friday
2026-09-19,2026,Q3,9,September,19,Saturday
2026-09-20,2026,Q3,9,September,20,Sunday
2026-09-21,2026,Q3,9,September,21,Monday
2026-09-22,2026,Q3,9,September,22,Tuesday
2026-09-23,2026,Q3,9,September,23,Wednesday
2026-09-24,2026,Q3,9,September,24,Thursday
2026-09-25,2026,Q3,9,September,25,Friday
2026-09-26,2026,Q3,9,September,26,Saturday
2026-09-27,2026,Q3,9,September,27,Sunday
2026-09-28,2026,Q3,9,September,28,Monday
2026-09-29,2026,Q3,9,September,29,Tuesday
2026-09-30,2026,Q3,9,September,30,Wednesday
2026-10-01,2026,Q4,10,October,1,Thursday
2026-10-02,2026,Q4,10,October,2,Friday
2026-10-03,2026,Q4,10,October,3,Saturday
2026-10-04,2026,Q4,10,October,4,Sunday
2026-10-05,2026,Q4,10,October,5,Monday
2026-10-06,2026,Q4,10,October,6,Tuesday
2026-10-07,2026,Q4,10,October,7,Wednesday
2026-10-08,2026,Q4,10,October,8,Thursday
2026-10-09,2026,Q4,10,October,9,Friday
2026-10-10,2026,Q4,10,October,10,Saturday
2026-10-11,2026,Q4,10,October,11,Sunday
2026-10-12,2026,Q4,10,October,12,Monday
2026-10-13,2026,Q4,10,October,13,Tuesday
2026-10-14,2026,Q4,10,October,14,Wednesday
2026-10-15,2026,Q4,10,October,15,Thursday
2026-10-16,2026,Q4,10,October,16,Friday
2026-10-17,2026,Q4,10,October,17,Saturday
2026-10-18,2026,Q4,10,October,18,Sunday
2026-10-19,2026,Q4,10,October,19,Monday
2026-10-20,2026,Q4,10,October,20,Tuesday
2026-10-21,2026,Q4,10,October,21,Wednesday
2026-10-22,2026,Q4,10,October,22,Thursday
2026-10-23,2026,Q4,10,October,23,Friday
2026-10-24,2026,Q4,10,October,24,Saturday
2026-10-25,2026,Q4,10,October,25,Sunday
2026-10-26,2026,Q4,10,October,26,Monday
2026-10-27,2026,Q4,10,October,27,Tuesday
2026-10-28,2026,Q4,10,October,28,Wednesday
2026-10-29,2026,Q4,10,October,29,Thursday
2026-10-30,2026,Q4,10,October,30,Friday
2026-10-31,2026,Q4,10,October,31,Saturday
2026-11-01,2026,Q4,11,November,1,Sunday
2026-11-02,2026,Q4,11,November,2,Monday
2026-11-03,2026,Q4,11,November,3,Tuesday
2026-11-04,2026,Q4,11,November,4,Wednesday
2026-11-05,2026,Q4,11,November,5,Thursday
2026-11-06,2026,Q4,11,November,6,Friday
2026-11-07,2026,Q4,11,November,7,Saturday
2026-11-08,2026,Q4,11,November,8,Sunday
2026-11-09,2026,Q4,11,November,9,Monday
2026-11-10,2026,Q4,11,November,10,Tuesday
2026-11-11,2026,Q4,11,November,11,Wednesday
2026-11-12,2026,Q4,11,November,12,Thursday
2026-11-13,2026,Q4,11,November,13,Friday
2026-11-14,2026,Q4,11,November,14,Saturday
2026-11-15,2026,Q4,11,November,15,Sunday
2026-11-16,2026,Q4,11,November,16,Monday
2026-11-17,2026,Q4,11,November,17,Tuesday
2026-11-18,2026,Q4,11,November,18,Wednesday
2026-11-19,2026,Q4,11,November,19,Thursday
2026-11-20,2026,Q4,11,November,20,Friday
2026-11-21,2026,Q4,11,November,21,Saturday
2026-11-22,2026,Q4,11,November,22,Sunday
2026-11-23,2026,Q4,11,November,23,Monday
2026-11-24,2026,Q4,11,November,24,Tuesday
2026-11-25,2026,Q4,11,November,25,Wednesday
2026-11-26,2026,Q4,11,November,26,Thursday
2026-11-27,2026,Q4,11,November,27,Friday
2026-11-28,2026,Q4,11,November,28,Saturday
2026-11-29,2026,Q4,11,November,29,Sunday
2026-11-30,2026,Q4,11,November,30,Monday
2026-12-01,2026,Q4,12,December,1,Tuesday
2026-12-02,2026,Q4,12,December,2,Wednesday
2026-12-03,2026,Q4,12,December,3,Thursday
2026-12-04,2026,Q4,12,December,4,Friday
2026-12-05,2026,Q4,12,December,5,Saturday
2026-12-06,2026,Q4,12,December,6,Sunday
2026-12-07,2026,Q4,12,December,7,Monday
2026-12-08,2026,Q4,12,December,8,Tuesday
2026-12-09,2026,Q4,12,December,9,Wednesday
2026-12-10,2026,Q4,12,December,10,Thursday
2026-12-11,2026,Q4,12,December,11,Friday
2026-12-12,2026,Q4,12,December,12,Saturday
2026-12-13,2026,Q4,12,December,13,Sunday
2026-12-14,2026,Q4,12,December,14,Monday
2026-12-15,2026,Q4,12,December,15,Tuesday
2026-12-16,2026,Q4,12,December,16,Wednesday
2026-12-17,2026,Q4,12,December,17,Thursday
2026-12-18,2026,Q4,12,December,18,Friday
2026-12-19,2026,Q4,12,December,19,Saturday
2026-12-20,2026,Q4,12,December,20,Sunday
2026-12-21,2026,Q4,12,December,21,Monday
2026-12-22,2026,Q4,12,December,22,Tuesday
2026-12-23,2026,Q4,12,December,23,Wednesday
2026-12-24,2026,Q4,12,December,24,Thursday
2026-12-25,2026,Q4,12,December,25,Friday
2026-12-26,2026,Q4,12,December,26,Saturday
2026-12-27,2026,Q4,12,December,27,Sunday
2026-12-28,2026,Q4,12,December,28,Monday
2026-12-29,2026,Q4,12,December,29,Tuesday
2026-12-30,2026,Q4,12,December,30,Wednesday
2026-12-31,2026,Q4,12,December,31,Thursday
