OrderID,OrderDate,CustomerID,ProductID,Quantity,Amount
8001,2026-01-01,113,208,8,7192
8002,2026-01-01,112,210,8,20000
8003,2026-01-02,116,202,1,899
8004,2026-01-03,113,207,6,2100
8005,2026-01-05,108,201,8,9600
8006,2026-01-05,111,214,3,270
8007,2026-01-06,120,208,1,899
8008,2026-01-07,103,215,5,1600
8009,2026-01-07,115,205,7,4340
8010,2026-01-08,114,205,8,4960
8011,2026-01-08,120,213,8,1200
8012,2026-01-09,101,213,7,1050
8013,2026-01-10,111,203,2,3198
8014,2026-01-12,111,210,5,12500
8015,2026-01-12,120,203,6,9594
8016,2026-01-13,114,215,6,1920
8017,2026-01-14,112,213,1,150
8018,2026-01-14,101,204,8,3600
8019,2026-01-16,119,202,2,1798
8020,2026-01-20,103,202,1,899
8021,2026-01-20,119,207,6,2100
8022,2026-01-23,101,215,2,640
8023,2026-01-25,102,213,1,150
8024,2026-01-26,107,213,4,600
8025,2026-01-26,104,206,6,11394
8026,2026-01-28,116,214,5,450
8027,2026-01-28,101,213,1,150
8028,2026-01-30,110,210,6,15000
8029,2026-01-31,117,203,6,9594
8030,2026-02-02,113,208,8,7192
8031,2026-02-03,107,214,2,180
8032,2026-02-04,107,214,3,270
8033,2026-02-04,109,202,3,2697
8034,2026-02-05,117,203,3,4797
8035,2026-02-06,118,208,8,7192
8036,2026-02-07,108,201,1,1200
8037,2026-02-11,106,206,5,9495
8038,2026-02-13,120,214,1,90
8039,2026-02-14,115,210,7,17500
8040,2026-02-15,110,212,5,17000
8041,2026-02-15,108,213,1,150
8042,2026-02-16,106,207,1,350
8043,2026-02-17,103,202,4,3596
8044,2026-02-18,113,206,4,7596
8045,2026-02-18,113,201,4,4800
8046,2026-02-19,105,209,3,9600
8047,2026-02-19,113,210,2,5000
8048,2026-02-20,116,204,4,1800
8049,2026-02-20,114,214,5,450
8050,2026-02-21,113,215,5,1600
8051,2026-02-22,114,204,7,3150
8052,2026-02-22,115,208,7,6293
8053,2026-02-24,115,203,5,7995
8054,2026-03-02,111,208,3,2697
8055,2026-03-03,105,213,4,600
8056,2026-03-06,114,215,3,960
8057,2026-03-06,119,209,2,6400
8058,2026-03-07,104,215,8,2560
8059,2026-03-08,101,210,2,5000
8060,2026-03-09,116,204,5,2250
8061,2026-03-11,118,207,5,1750
8062,2026-03-11,120,208,4,3596
8063,2026-03-12,109,201,5,6000
8064,2026-03-14,110,214,1,90
8065,2026-03-15,110,213,4,600
8066,2026-03-16,115,201,4,4800
8067,2026-03-17,120,207,6,2100
8068,2026-03-18,104,204,1,450
8069,2026-03-19,111,204,5,2250
8070,2026-03-20,120,214,6,540
8071,2026-03-20,109,206,1,1899
8072,2026-03-21,104,203,4,6396
8073,2026-03-23,110,201,7,8400
8074,2026-03-23,117,206,6,11394
8075,2026-03-25,117,211,6,10800
8076,2026-03-26,112,204,1,450
8077,2026-03-27,101,209,8,25600
8078,2026-03-27,103,205,8,4960
8079,2026-03-28,103,206,7,13293
8080,2026-03-29,111,212,3,10200
8081,2026-03-29,113,203,5,7995
8082,2026-03-31,106,208,6,5394
8083,2026-03-31,112,205,5,3100
8084,2026-04-01,111,211,1,1800
8085,2026-04-02,106,210,2,5000
8086,2026-04-03,118,212,6,20400
8087,2026-04-06,105,207,4,1400
8088,2026-04-08,110,210,3,7500
8089,2026-04-08,114,209,4,12800
8090,2026-04-09,116,213,2,300
8091,2026-04-09,101,210,4,10000
8092,2026-04-11,118,212,5,17000
8093,2026-04-12,111,208,6,5394
8094,2026-04-12,106,205,3,1860
8095,2026-04-13,103,202,2,1798
8096,2026-04-13,101,215,3,960
8097,2026-04-15,113,209,2,6400
8098,2026-04-15,116,210,4,10000
8099,2026-04-16,101,212,7,23800
8100,2026-04-16,113,201,6,7200
8101,2026-04-18,103,215,4,1280
8102,2026-04-20,105,208,5,4495
8103,2026-04-20,111,215,6,1920
8104,2026-04-21,107,209,3,9600
8105,2026-04-21,107,210,3,7500
8106,2026-04-24,118,215,4,1280
8107,2026-04-30,113,213,8,1200
8108,2026-04-30,116,202,6,5394
8109,2026-05-01,113,206,1,1899
8110,2026-05-04,105,211,5,9000
8111,2026-05-09,112,207,3,1050
8112,2026-05-09,118,212,1,3400
8113,2026-05-10,120,212,2,6800
8114,2026-05-10,101,207,7,2450
8115,2026-05-11,109,214,6,540
8116,2026-05-12,112,204,2,900
8117,2026-05-13,111,207,3,1050
8118,2026-05-13,104,201,5,6000
8119,2026-05-14,109,201,3,3600
8120,2026-05-14,119,208,7,6293
8121,2026-05-15,113,205,8,4960
8122,2026-05-16,103,204,7,3150
8123,2026-05-16,120,213,7,1050
8124,2026-05-17,105,212,6,20400
8125,2026-05-19,106,214,6,540
8126,2026-05-19,111,207,6,2100
8127,2026-05-20,110,202,5,4495
8128,2026-05-20,110,206,6,11394
8129,2026-05-23,110,210,1,2500
8130,2026-05-23,113,213,4,600
8131,2026-05-25,117,202,4,3596
8132,2026-05-25,118,203,5,7995
8133,2026-05-26,110,214,4,360
8134,2026-05-26,106,214,1,90
8135,2026-05-27,113,210,6,15000
8136,2026-05-27,113,210,3,7500
8137,2026-05-28,114,215,6,1920
8138,2026-05-28,101,211,1,1800
8139,2026-05-29,119,215,3,960
8140,2026-05-30,103,206,4,7596
8141,2026-05-31,106,208,6,5394
8142,2026-05-31,101,210,1,2500
8143,2026-06-01,111,212,5,17000
8144,2026-06-03,118,206,3,5697
8145,2026-06-04,114,214,3,270
8146,2026-06-06,101,205,3,1860
8147,2026-06-07,103,208,2,1798
8148,2026-06-10,104,212,3,10200
8149,2026-06-10,103,202,8,7192
8150,2026-06-11,104,212,6,20400
8151,2026-06-11,106,212,6,20400
8152,2026-06-13,105,208,1,899
8153,2026-06-16,105,213,7,1050
8154,2026-06-16,119,203,2,3198
8155,2026-06-17,117,208,3,2697
8156,2026-06-18,115,210,7,17500
8157,2026-06-19,112,209,8,25600
8158,2026-06-19,113,211,2,3600
8159,2026-06-20,115,203,4,6396
8160,2026-06-20,114,206,5,9495
8161,2026-06-21,113,204,3,1350
8162,2026-06-21,112,209,6,19200
8163,2026-06-23,112,210,1,2500
8164,2026-06-26,111,202,5,4495
8165,2026-06-26,105,214,7,630
8166,2026-06-27,120,215,8,2560
8167,2026-06-28,112,204,1,450
8168,2026-06-29,104,206,2,3798
8169,2026-07-01,113,206,7,13293
8170,2026-07-01,104,207,2,700
8171,2026-07-02,111,202,5,4495
8172,2026-07-03,113,213,3,450
8173,2026-07-03,101,213,6,900
8174,2026-07-04,102,205,3,1860
8175,2026-07-04,106,212,7,23800
8176,2026-07-05,113,209,1,3200
8177,2026-07-05,105,211,8,14400
8178,2026-07-06,105,201,7,8400
8179,2026-07-06,105,214,6,540
8180,2026-07-07,114,204,6,2700
8181,2026-07-08,120,203,1,1599
8182,2026-07-08,114,201,6,7200
8183,2026-07-09,112,215,4,1280
8184,2026-07-11,119,209,4,12800
8185,2026-07-11,113,212,5,17000
8186,2026-07-12,109,205,6,3720
8187,2026-07-13,103,207,4,1400
8188,2026-07-15,108,204,5,2250
8189,2026-07-15,104,208,2,1798
8190,2026-07-16,104,203,8,12792
8191,2026-07-18,107,215,4,1280
8192,2026-07-18,112,202,4,3596
8193,2026-07-19,101,205,6,3720
8194,2026-07-19,110,202,7,6293
8195,2026-07-20,113,212,2,6800
8196,2026-07-20,103,203,1,1599
8197,2026-07-21,106,210,1,2500
8198,2026-07-21,115,205,2,1240
8199,2026-07-22,104,214,8,720
8200,2026-07-22,113,202,1,899
8201,2026-07-23,108,207,1,350
8202,2026-07-25,113,208,6,5394
8203,2026-07-26,104,214,4,360
8204,2026-07-27,110,215,1,320
8205,2026-07-30,110,204,4,1800
8206,2026-07-30,108,214,2,180
8207,2026-08-01,101,214,3,270
8208,2026-08-02,108,210,4,10000
8209,2026-08-04,105,207,3,1050
8210,2026-08-05,110,213,1,150
8211,2026-08-07,113,215,3,960
8212,2026-08-07,113,213,4,600
8213,2026-08-08,106,205,6,3720
8214,2026-08-08,103,205,6,3720
8215,2026-08-09,110,208,1,899
8216,2026-08-10,105,212,5,17000
8217,2026-08-10,107,213,1,150
8218,2026-08-12,111,213,7,1050
8219,2026-08-12,114,201,4,4800
8220,2026-08-13,119,202,3,2697
8221,2026-08-13,107,215,6,1920
8222,2026-08-14,118,214,4,360
8223,2026-08-14,102,203,5,7995
8224,2026-08-15,109,212,3,10200
8225,2026-08-15,104,210,7,17500
8226,2026-08-16,116,213,2,300
8227,2026-08-16,104,207,4,1400
8228,2026-08-17,113,211,6,10800
8229,2026-08-17,111,208,6,5394
8230,2026-08-18,115,207,2,700
8231,2026-08-18,118,207,5,1750
8232,2026-08-20,116,211,5,9000
8233,2026-08-21,103,204,6,2700
8234,2026-08-23,117,211,8,14400
8235,2026-08-24,120,210,2,5000
8236,2026-08-24,109,209,8,25600
8237,2026-08-26,108,203,8,12792
8238,2026-08-27,110,211,8,14400
8239,2026-08-31,117,205,7,4340
8240,2026-09-01,111,212,5,17000
8241,2026-09-02,103,202,7,6293
8242,2026-09-02,116,213,3,450
8243,2026-09-04,111,210,4,10000
8244,2026-09-04,101,211,6,10800
8245,2026-09-05,118,206,3,5697
8246,2026-09-05,110,205,1,620
8247,2026-09-09,111,201,6,7200
8248,2026-09-09,114,209,8,25600
8249,2026-09-10,106,212,4,13600
8250,2026-09-10,116,213,6,900
8251,2026-09-11,114,214,4,360
8252,2026-09-11,109,205,4,2480
8253,2026-09-12,109,204,8,3600
8254,2026-09-12,119,203,6,9594
8255,2026-09-15,113,206,2,3798
8256,2026-09-16,103,212,3,10200
8257,2026-09-18,103,203,3,4797
8258,2026-09-18,116,206,8,15192
8259,2026-09-19,110,210,6,15000
8260,2026-09-20,116,206,4,7596
8261,2026-09-20,107,214,1,90
8262,2026-09-22,110,201,8,9600
8263,2026-09-23,111,209,1,3200
8264,2026-09-23,110,207,1,350
8265,2026-09-24,119,206,8,15192
8266,2026-09-24,102,209,2,6400
8267,2026-09-27,101,203,8,12792
8268,2026-09-28,108,209,6,19200
8269,2026-09-28,112,205,4,2480
8270,2026-09-29,105,209,3,9600
8271,2026-09-30,112,215,5,1600
8272,2026-10-01,108,202,7,6293
8273,2026-10-01,109,209,5,16000
8274,2026-10-02,111,210,7,17500
8275,2026-10-02,120,202,5,4495
8276,2026-10-04,117,210,3,7500
8277,2026-10-04,111,205,4,2480
8278,2026-10-05,108,214,6,540
8279,2026-10-05,111,213,6,900
8280,2026-10-06,113,207,7,2450
8281,2026-10-06,104,210,4,10000
8282,2026-10-07,105,201,5,6000
8283,2026-10-09,120,211,1,1800
8284,2026-10-09,119,203,5,7995
8285,2026-10-13,101,215,6,1920
8286,2026-10-16,108,203,6,9594
8287,2026-10-16,120,202,3,2697
8288,2026-10-17,103,213,5,750
8289,2026-10-20,119,211,8,14400
8290,2026-10-20,105,209,2,6400
8291,2026-10-21,104,206,6,11394
8292,2026-10-21,103,202,7,6293
8293,2026-10-24,110,210,5,12500
8294,2026-10-24,109,202,3,2697
8295,2026-10-26,115,209,2,6400
8296,2026-10-26,103,201,4,4800
8297,2026-10-29,108,215,6,1920
8298,2026-10-29,107,207,7,2450
8299,2026-10-30,110,205,1,620
8300,2026-10-30,110,203,8,12792
8301,2026-11-01,117,201,1,1200
8302,2026-11-01,108,201,4,4800
8303,2026-11-02,108,201,8,9600
8304,2026-11-03,104,208,1,899
8305,2026-11-03,118,214,3,270
8306,2026-11-04,102,211,1,1800
8307,2026-11-04,112,202,1,899
8308,2026-11-05,118,213,6,900
8309,2026-11-06,116,208,3,2697
8310,2026-11-06,111,206,6,11394
8311,2026-11-06,120,202,3,2697
8312,2026-11-08,107,201,2,2400
8313,2026-11-09,101,213,2,300
8314,2026-11-09,103,208,6,5394
8315,2026-11-10,105,201,3,3600
8316,2026-11-10,104,215,4,1280
8317,2026-11-10,107,212,5,17000
8318,2026-11-11,118,213,4,600
8319,2026-11-11,103,202,5,4495
8320,2026-11-12,104,205,2,1240
8321,2026-11-12,107,210,4,10000
8322,2026-11-12,114,213,3,450
8323,2026-11-12,117,203,5,7995
8324,2026-11-13,114,207,7,2450
8325,2026-11-13,111,211,7,12600
8326,2026-11-13,103,205,8,4960
8327,2026-11-14,114,207,8,2800
8328,2026-11-14,107,206,1,1899
8329,2026-11-15,114,214,7,630
8330,2026-11-16,102,211,6,10800
8331,2026-11-16,116,202,6,5394
8332,2026-11-17,119,207,8,2800
8333,2026-11-17,120,201,4,4800
8334,2026-11-18,115,215,5,1600
8335,2026-11-18,106,201,7,8400
8336,2026-11-19,101,214,8,720
8337,2026-11-19,110,211,8,14400
8338,2026-11-20,115,213,8,1200
8339,2026-11-21,114,206,1,1899
8340,2026-11-21,117,214,6,540
8341,2026-11-21,105,206,6,11394
8342,2026-11-22,101,206,3,5697
8343,2026-11-22,107,212,1,3400
8344,2026-11-22,105,211,7,12600
8345,2026-11-23,119,205,7,4340
8346,2026-11-23,110,215,7,2240
8347,2026-11-23,107,201,8,9600
8348,2026-11-24,111,206,3,5697
8349,2026-11-24,116,208,4,3596
8350,2026-11-25,112,206,5,9495
8351,2026-11-25,118,204,8,3600
8352,2026-11-25,108,213,8,1200
8353,2026-11-25,108,202,8,7192
8354,2026-11-26,119,207,5,1750
8355,2026-11-26,114,212,5,17000
8356,2026-11-26,112,214,5,450
8357,2026-11-27,107,202,5,4495
8358,2026-11-27,106,206,3,5697
8359,2026-11-28,101,208,7,6293
8360,2026-11-28,111,211,1,1800
8361,2026-11-28,116,212,4,13600
8362,2026-11-28,105,202,1,899
8363,2026-11-29,119,204,1,450
8364,2026-11-29,105,205,7,4340
8365,2026-11-30,102,212,3,10200
8366,2026-11-30,115,206,8,15192
8367,2026-11-30,114,203,3,4797
8368,2026-12-01,103,212,2,6800
8369,2026-12-01,115,210,8,20000
8370,2026-12-02,107,207,3,1050
8371,2026-12-02,118,207,6,2100
8372,2026-12-03,116,207,7,2450
8373,2026-12-03,116,208,3,2697
8374,2026-12-04,113,207,4,1400
8375,2026-12-04,112,213,6,900
8376,2026-12-04,103,204,2,900
8377,2026-12-05,115,206,3,5697
8378,2026-12-05,101,206,3,5697
8379,2026-12-06,108,206,1,1899
8380,2026-12-07,120,201,3,3600
8381,2026-12-07,111,213,7,1050
8382,2026-12-09,111,215,7,2240
8383,2026-12-09,110,208,2,1798
8384,2026-12-10,105,204,1,450
8385,2026-12-11,109,209,6,19200
8386,2026-12-11,117,202,6,5394
8387,2026-12-12,113,207,2,700
8388,2026-12-12,116,201,3,3600
8389,2026-12-13,105,202,6,5394
8390,2026-12-13,111,208,7,6293
8391,2026-12-14,101,211,7,12600
8392,2026-12-14,112,211,2,3600
8393,2026-12-14,102,215,2,640
8394,2026-12-15,104,202,7,6293
8395,2026-12-16,112,209,3,9600
8396,2026-12-16,102,209,8,25600
8397,2026-12-17,117,205,8,4960
8398,2026-12-17,109,214,8,720
8399,2026-12-17,120,207,2,700
8400,2026-12-17,106,215,7,2240
8401,2026-12-18,107,214,1,90
8402,2026-12-19,117,210,4,10000
8403,2026-12-19,102,204,2,900
8404,2026-12-19,105,215,3,960
8405,2026-12-20,108,208,6,5394
8406,2026-12-21,109,202,6,5394
8407,2026-12-21,120,205,8,4960
8408,2026-12-21,118,206,1,1899
8409,2026-12-22,104,202,8,7192
8410,2026-12-23,103,215,5,1600
8411,2026-12-23,102,203,5,7995
8412,2026-12-24,117,201,2,2400
8413,2026-12-25,113,202,4,3596
8414,2026-12-25,103,213,6,900
8415,2026-12-26,120,202,4,3596
8416,2026-12-26,117,206,4,7596
8417,2026-12-27,115,214,2,180
8418,2026-12-27,102,211,6,10800
8419,2026-12-28,107,215,4,1280
8420,2026-12-28,113,202,6,5394
8421,2026-12-29,119,206,2,3798
8422,2026-12-29,116,213,1,150
8423,2026-12-30,117,205,8,4960
8424,2026-12-30,102,202,3,2697
8425,2026-12-30,117,203,5,7995
8426,2026-12-30,101,208,2,1798
